{"name":"Almarai-Regular","type":"TTF","desc":{"CapHeight":716,"XHeight":514,"FontBBox":"[-69 -396 2665 1090]","Flags":4,"Ascent":905,"Descent":-211,"Leading":0,"ItalicAngle":0,"StemV":87,"MissingWidth":184},"unitsPerEm":1000,"up":-94,"ut":63,"strp":308,"strs":63,"ttffile":"C:\\xampp\\htdocs\\laravel\\course\\ecommerce\\public\/fonts\/\/Almarai-Regular.ttf","TTCfontID":0,"originalsize":148808,"sip":false,"smp":false,"BMPselected":false,"fontkey":"almarai","panose":" 0 0 0 0 0 0 0 0 0 0 0 0","haskerninfo":false,"haskernGPOS":true,"hassmallcapsGSUB":false,"fontmetrics":"win","useOTL":255,"rtlPUAstr":"\\x{0E002}\\x{0E003}\\x{0E005}-\\x{0E00B}\\x{0E018}\\x{0E019}\\x{0E01F}-\\x{0E027}\\x{0E033}-\\x{0E036}\\x{0E041}-\\x{0E04E}\\x{0E051}\\x{0E052}\\x{0EA26}","GSUBScriptLang":{"DFLT":"DFLT ","arab":"DFLT URD  ","latn":"DFLT "},"GSUBFeatures":{"DFLT":{"DFLT":{"ccmp":[0],"frac":[1],"init":[2],"medi":[3],"fina":[4],"rlig":[5],"ss01":[8]}},"arab":{"DFLT":{"ccmp":[0],"frac":[1],"init":[2],"medi":[3],"fina":[4],"rlig":[5],"liga":[6,7],"ss01":[8]},"URD ":{"ccmp":[0],"frac":[1],"init":[2],"medi":[3],"fina":[4],"rlig":[5],"ss01":[8]}},"latn":{"DFLT":{"ccmp":[0],"frac":[1],"init":[2],"medi":[3],"fina":[4],"rlig":[5],"ss01":[8]}}},"GSUBLookups":[{"Type":4,"Flag":1,"SubtableCount":1,"Subtables":[147244],"MarkFilteringSet":""},{"Type":4,"Flag":0,"SubtableCount":1,"Subtables":[147418],"MarkFilteringSet":""},{"Type":1,"Flag":1,"SubtableCount":1,"Subtables":[147670],"MarkFilteringSet":""},{"Type":1,"Flag":1,"SubtableCount":1,"Subtables":[147822],"MarkFilteringSet":""},{"Type":1,"Flag":1,"SubtableCount":1,"Subtables":[147980],"MarkFilteringSet":""},{"Type":4,"Flag":1,"SubtableCount":1,"Subtables":[148262],"MarkFilteringSet":""},{"Type":4,"Flag":1,"SubtableCount":1,"Subtables":[148620],"MarkFilteringSet":""},{"Type":4,"Flag":9,"SubtableCount":1,"Subtables":[148702],"MarkFilteringSet":""},{"Type":1,"Flag":0,"SubtableCount":1,"Subtables":[148796],"MarkFilteringSet":""}],"GPOSScriptLang":{"DFLT":"DFLT ","arab":"DFLT ","latn":"DFLT "},"GPOSFeatures":{"DFLT":{"DFLT":{"kern":[0,1],"mark":[2,3,4,5,6,7,8,9,10,11,12,13,14,15,16,17,18,19,20,21,22,23,24,25,26,29],"mkmk":[27,28]}},"arab":{"DFLT":{"kern":[0,1],"mark":[2,3,4,5,6,7,8,9,10,11,12,13,14,15,16,17,18,19,20,21,22,23,24,25,26,29],"mkmk":[27,28]}},"latn":{"DFLT":{"kern":[0,1],"mark":[2,3,4,5,6,7,8,9,10,11,12,13,14,15,16,17,18,19,20,21,22,23,24,25,26,29],"mkmk":[27,28]}}},"GPOSLookups":[{"Type":2,"Flag":0,"SubtableCount":1,"Subtables":[135804],"MarkFilteringSet":""},{"Type":2,"Flag":1,"SubtableCount":2,"Subtables":[136358,136402],"MarkFilteringSet":""},{"Type":4,"Flag":1,"SubtableCount":1,"Subtables":[137062],"MarkFilteringSet":""},{"Type":4,"Flag":1,"SubtableCount":1,"Subtables":[137326],"MarkFilteringSet":""},{"Type":4,"Flag":1,"SubtableCount":1,"Subtables":[137820],"MarkFilteringSet":""},{"Type":4,"Flag":1,"SubtableCount":1,"Subtables":[138128],"MarkFilteringSet":""},{"Type":4,"Flag":1,"SubtableCount":1,"Subtables":[138306],"MarkFilteringSet":""},{"Type":4,"Flag":1,"SubtableCount":1,"Subtables":[138754],"MarkFilteringSet":""},{"Type":4,"Flag":1,"SubtableCount":1,"Subtables":[139084],"MarkFilteringSet":""},{"Type":4,"Flag":1,"SubtableCount":1,"Subtables":[139492],"MarkFilteringSet":""},{"Type":4,"Flag":1,"SubtableCount":1,"Subtables":[139746],"MarkFilteringSet":""},{"Type":4,"Flag":1,"SubtableCount":1,"Subtables":[140054],"MarkFilteringSet":""},{"Type":4,"Flag":1,"SubtableCount":1,"Subtables":[140314],"MarkFilteringSet":""},{"Type":4,"Flag":1,"SubtableCount":1,"Subtables":[140588],"MarkFilteringSet":""},{"Type":4,"Flag":1,"SubtableCount":1,"Subtables":[140848],"MarkFilteringSet":""},{"Type":4,"Flag":1,"SubtableCount":1,"Subtables":[141096],"MarkFilteringSet":""},{"Type":4,"Flag":1,"SubtableCount":1,"Subtables":[141324],"MarkFilteringSet":""},{"Type":4,"Flag":1,"SubtableCount":1,"Subtables":[141666],"MarkFilteringSet":""},{"Type":4,"Flag":1,"SubtableCount":1,"Subtables":[141954],"MarkFilteringSet":""},{"Type":4,"Flag":1,"SubtableCount":1,"Subtables":[142182],"MarkFilteringSet":""},{"Type":4,"Flag":1,"SubtableCount":1,"Subtables":[142298],"MarkFilteringSet":""},{"Type":4,"Flag":1,"SubtableCount":1,"Subtables":[142498],"MarkFilteringSet":""},{"Type":4,"Flag":1,"SubtableCount":1,"Subtables":[142626],"MarkFilteringSet":""},{"Type":4,"Flag":1,"SubtableCount":1,"Subtables":[142998],"MarkFilteringSet":""},{"Type":4,"Flag":1,"SubtableCount":1,"Subtables":[143166],"MarkFilteringSet":""},{"Type":4,"Flag":1,"SubtableCount":1,"Subtables":[143294],"MarkFilteringSet":""},{"Type":4,"Flag":1,"SubtableCount":1,"Subtables":[143502],"MarkFilteringSet":""},{"Type":6,"Flag":1,"SubtableCount":1,"Subtables":[144544],"MarkFilteringSet":""},{"Type":6,"Flag":1,"SubtableCount":1,"Subtables":[145026],"MarkFilteringSet":""},{"Type":5,"Flag":1,"SubtableCount":1,"Subtables":[145214],"MarkFilteringSet":""}],"kerninfo":[]}